<?xml version="1.0" encoding="utf-8"?>
<Exports>
  <Panels>
    <PanelSettings>
      <SortPriority>0</SortPriority>
      <IsChecked>false</IsChecked>
      <IsExpanded>true</IsExpanded>
      <Enabled>true</Enabled>
      <PanelName>others</PanelName>
      <ID>9012d8d0-bab9-4652-86ea-2c7617ce55b2</ID>
      <Left>457</Left>
      <Top>904</Top>
      <Locked>false</Locked>
      <Margin>0</Margin>
      <Horizontal>true</Horizontal>
      <SortOrder>Fixed</SortOrder>
      <EnabledAdvancedLayout>false</EnabledAdvancedLayout>
      <Width>192</Width>
      <Height>48</Height>
      <GridPadding>0 0 0 0</GridPadding>
      <GridVerticalAlignment>Top</GridVerticalAlignment>
      <GridHorizontalAlignment>Left</GridHorizontalAlignment>
      <IsStackLayout>false</IsStackLayout>
      <StackPanelOrientation>Horizontal</StackPanelOrientation>
      <FixedPositionSpell>false</FixedPositionSpell>
      <BackgroundColor>
        <A>160</A>
        <R>0</R>
        <G>0</G>
        <B>0</B>
        <ScA>0.627451</ScA>
        <ScR>0</ScR>
        <ScG>0</ScG>
        <ScB>0</ScB>
      </BackgroundColor>
    </PanelSettings>
  </Panels>
  <Spells>
    <SpellTimer>
      <SortPriority>0</SortPriority>
      <IsChecked>false</IsChecked>
      <IsExpanded>false</IsExpanded>
      <Enabled>true</Enabled>
      <Left>0</Left>
      <Top>0</Top>
      <ID>8</ID>
      <Guid>3055aad4-8f5c-4c61-9cde-99fa085618d6</Guid>
      <PanelID>9012d8d0-bab9-4652-86ea-2c7617ce55b2</PanelID>
      <Panel>others</Panel>
      <SpellTitle>Swiftcast H1</SpellTitle>
      <RegexEnabled>true</RegexEnabled>
      <Keyword>\b15:[0-9a-fA-F]{8}:&lt;HEALER1&gt;:1D89:</Keyword>
      <RecastTime>60</RecastTime>
      <RecastTimeExtending1>0</RecastTimeExtending1>
      <RecastTimeExtending2>0</RecastTimeExtending2>
      <RecastTimeExtending3>0</RecastTimeExtending3>
      <OverlapRecastTime>true</OverlapRecastTime>
      <IsNotResetBarOnExtended>false</IsNotResetBarOnExtended>
      <ProgressBarVisible>true</ProgressBarVisible>
      <Font FontFamily="Arial" Size="18" Stretch="Normal" Style="Normal" Weight="Bold" />
      <FontColor>#FFFFFF</FontColor>
      <FontOutlineColor>#191970</FontOutlineColor>
      <WarningTime>0</WarningTime>
      <ChangeFontColorsWhenWarning>false</ChangeFontColorsWhenWarning>
      <WarningFontColor>#FFFFFF</WarningFontColor>
      <WarningFontOutlineColor>#FF4500</WarningFontOutlineColor>
      <BarWidth>0</BarWidth>
      <BarHeight>0</BarHeight>
      <BarColor>#FFFFFF</BarColor>
      <BarOutlineColor>#191970</BarOutlineColor>
      <BarBlurRadius>11</BarBlurRadius>
      <BackgroundColor>#FFFFFF</BackgroundColor>
      <BackgroundAlpha>0</BackgroundAlpha>
      <DisplayNo>1</DisplayNo>
      <DontHide>true</DontHide>
      <ExtendBeyondOriginalRecastTime>false</ExtendBeyondOriginalRecastTime>
      <HideSpellName>true</HideSpellName>
      <HideCounter>false</HideCounter>
      <IsCounterToCenter>false</IsCounterToCenter>
      <IsReverse>false</IsReverse>
      <MatchDateTime>2019-07-14T12:45:50.5531768+08:00</MatchDateTime>
      <UseHotbarRecastTime>false</UseHotbarRecastTime>
      <HotbarName />
      <ReduceIconBrightness>true</ReduceIconBrightness>
      <SpellIcon>7561_Swiftcast.png</SpellIcon>
      <SpellIconSize>36</SpellIconSize>
      <IsNotResetAtWipeout>false</IsNotResetAtWipeout>
      <TimeupHide>false</TimeupHide>
      <ToInstance>false</ToInstance>
      <UpperLimitOfExtension>0</UpperLimitOfExtension>
      <BlinkTime>0</BlinkTime>
      <BlinkIcon>false</BlinkIcon>
      <BlinkBar>false</BlinkBar>
      <JobFilter />
      <PartyJobFilter />
      <PartyCompositionFilter />
      <ZoneFilter />
      <TimersMustRunningForStart />
      <TimersMustStoppingForStart />
      <IsSequentialTTS>false</IsSequentialTTS>
      <MatchTextToSpeak />
      <MatchAdvancedConfig>
        <IsEnabled>false</IsEnabled>
        <ToMainDevice>true</ToMainDevice>
        <ToSubDevice>false</ToSubDevice>
        <ToDicordTextChat>false</ToDicordTextChat>
      </MatchAdvancedConfig>
      <OverTime>0</OverTime>
      <OverTextToSpeak />
      <OverAdvancedConfig>
        <IsEnabled>false</IsEnabled>
        <ToMainDevice>true</ToMainDevice>
        <ToSubDevice>false</ToSubDevice>
        <ToDicordTextChat>false</ToDicordTextChat>
      </OverAdvancedConfig>
      <BeforeTime>0</BeforeTime>
      <BeforeTextToSpeak />
      <BeforeAdvancedConfig>
        <IsEnabled>false</IsEnabled>
        <ToMainDevice>true</ToMainDevice>
        <ToSubDevice>false</ToSubDevice>
        <ToDicordTextChat>false</ToDicordTextChat>
      </BeforeAdvancedConfig>
      <TimeupTextToSpeak />
      <TimeupAdvancedConfig>
        <IsEnabled>false</IsEnabled>
        <ToMainDevice>true</ToMainDevice>
        <ToSubDevice>false</ToSubDevice>
        <ToDicordTextChat>false</ToDicordTextChat>
      </TimeupAdvancedConfig>
      <MatchSound />
      <OverSound />
      <BeforeSound />
      <TimeupSound />
    </SpellTimer>
    <SpellTimer>
      <SortPriority>0</SortPriority>
      <IsChecked>false</IsChecked>
      <IsExpanded>false</IsExpanded>
      <Enabled>true</Enabled>
      <Left>0</Left>
      <Top>0</Top>
      <ID>9</ID>
      <Guid>f27c2fee-0499-4ad7-8e27-7d767c4a0525</Guid>
      <PanelID>9012d8d0-bab9-4652-86ea-2c7617ce55b2</PanelID>
      <Panel>others</Panel>
      <SpellTitle>Swiftcast H2</SpellTitle>
      <RegexEnabled>true</RegexEnabled>
      <Keyword>\b15:[0-9a-fA-F]{8}:&lt;HEALER2&gt;:1D89:</Keyword>
      <RecastTime>60</RecastTime>
      <RecastTimeExtending1>0</RecastTimeExtending1>
      <RecastTimeExtending2>0</RecastTimeExtending2>
      <RecastTimeExtending3>0</RecastTimeExtending3>
      <OverlapRecastTime>true</OverlapRecastTime>
      <IsNotResetBarOnExtended>false</IsNotResetBarOnExtended>
      <ProgressBarVisible>true</ProgressBarVisible>
      <Font FontFamily="Arial" Size="18" Stretch="Normal" Style="Normal" Weight="Bold" />
      <FontColor>#FFFFFF</FontColor>
      <FontOutlineColor>#191970</FontOutlineColor>
      <WarningTime>0</WarningTime>
      <ChangeFontColorsWhenWarning>false</ChangeFontColorsWhenWarning>
      <WarningFontColor>#FFFFFF</WarningFontColor>
      <WarningFontOutlineColor>#FF4500</WarningFontOutlineColor>
      <BarWidth>0</BarWidth>
      <BarHeight>0</BarHeight>
      <BarColor>#FFFFFF</BarColor>
      <BarOutlineColor>#191970</BarOutlineColor>
      <BarBlurRadius>11</BarBlurRadius>
      <BackgroundColor>#FFFFFF</BackgroundColor>
      <BackgroundAlpha>0</BackgroundAlpha>
      <DisplayNo>2</DisplayNo>
      <DontHide>true</DontHide>
      <ExtendBeyondOriginalRecastTime>false</ExtendBeyondOriginalRecastTime>
      <HideSpellName>true</HideSpellName>
      <HideCounter>false</HideCounter>
      <IsCounterToCenter>false</IsCounterToCenter>
      <IsReverse>false</IsReverse>
      <MatchDateTime>2019-07-14T12:45:53.0529748+08:00</MatchDateTime>
      <UseHotbarRecastTime>false</UseHotbarRecastTime>
      <HotbarName />
      <ReduceIconBrightness>true</ReduceIconBrightness>
      <SpellIcon>7561_Swiftcast.png</SpellIcon>
      <SpellIconSize>36</SpellIconSize>
      <IsNotResetAtWipeout>false</IsNotResetAtWipeout>
      <TimeupHide>false</TimeupHide>
      <ToInstance>false</ToInstance>
      <UpperLimitOfExtension>0</UpperLimitOfExtension>
      <BlinkTime>0</BlinkTime>
      <BlinkIcon>false</BlinkIcon>
      <BlinkBar>false</BlinkBar>
      <JobFilter />
      <PartyJobFilter />
      <PartyCompositionFilter />
      <ZoneFilter />
      <TimersMustRunningForStart />
      <TimersMustStoppingForStart />
      <IsSequentialTTS>false</IsSequentialTTS>
      <MatchTextToSpeak />
      <MatchAdvancedConfig>
        <IsEnabled>false</IsEnabled>
        <ToMainDevice>true</ToMainDevice>
        <ToSubDevice>false</ToSubDevice>
        <ToDicordTextChat>false</ToDicordTextChat>
      </MatchAdvancedConfig>
      <OverTime>0</OverTime>
      <OverTextToSpeak />
      <OverAdvancedConfig>
        <IsEnabled>false</IsEnabled>
        <ToMainDevice>true</ToMainDevice>
        <ToSubDevice>false</ToSubDevice>
        <ToDicordTextChat>false</ToDicordTextChat>
      </OverAdvancedConfig>
      <BeforeTime>0</BeforeTime>
      <BeforeTextToSpeak />
      <BeforeAdvancedConfig>
        <IsEnabled>false</IsEnabled>
        <ToMainDevice>true</ToMainDevice>
        <ToSubDevice>false</ToSubDevice>
        <ToDicordTextChat>false</ToDicordTextChat>
      </BeforeAdvancedConfig>
      <TimeupTextToSpeak />
      <TimeupAdvancedConfig>
        <IsEnabled>false</IsEnabled>
        <ToMainDevice>true</ToMainDevice>
        <ToSubDevice>false</ToSubDevice>
        <ToDicordTextChat>false</ToDicordTextChat>
      </TimeupAdvancedConfig>
      <MatchSound />
      <OverSound />
      <BeforeSound />
      <TimeupSound />
    </SpellTimer>
    <SpellTimer>
      <SortPriority>0</SortPriority>
      <IsChecked>false</IsChecked>
      <IsExpanded>false</IsExpanded>
      <Enabled>true</Enabled>
      <Left>0</Left>
      <Top>0</Top>
      <ID>10</ID>
      <Guid>5a49e67c-81b7-436c-85c7-94c5549e78d2</Guid>
      <PanelID>9012d8d0-bab9-4652-86ea-2c7617ce55b2</PanelID>
      <Panel>others</Panel>
      <SpellTitle>Swiftcast M</SpellTitle>
      <RegexEnabled>true</RegexEnabled>
      <Keyword>\b15:[0-9a-fA-F]{8}:&lt;MAGIC&gt;:1D89:</Keyword>
      <RecastTime>60</RecastTime>
      <RecastTimeExtending1>0</RecastTimeExtending1>
      <RecastTimeExtending2>0</RecastTimeExtending2>
      <RecastTimeExtending3>0</RecastTimeExtending3>
      <OverlapRecastTime>true</OverlapRecastTime>
      <IsNotResetBarOnExtended>false</IsNotResetBarOnExtended>
      <ProgressBarVisible>true</ProgressBarVisible>
      <Font FontFamily="Arial" Size="18" Stretch="Normal" Style="Normal" Weight="Bold" />
      <FontColor>#FFFFFF</FontColor>
      <FontOutlineColor>#191970</FontOutlineColor>
      <WarningTime>0</WarningTime>
      <ChangeFontColorsWhenWarning>false</ChangeFontColorsWhenWarning>
      <WarningFontColor>#FFFFFF</WarningFontColor>
      <WarningFontOutlineColor>#FF4500</WarningFontOutlineColor>
      <BarWidth>0</BarWidth>
      <BarHeight>0</BarHeight>
      <BarColor>#FFFFFF</BarColor>
      <BarOutlineColor>#191970</BarOutlineColor>
      <BarBlurRadius>11</BarBlurRadius>
      <BackgroundColor>#FFFFFF</BackgroundColor>
      <BackgroundAlpha>0</BackgroundAlpha>
      <DisplayNo>3</DisplayNo>
      <DontHide>true</DontHide>
      <ExtendBeyondOriginalRecastTime>false</ExtendBeyondOriginalRecastTime>
      <HideSpellName>true</HideSpellName>
      <HideCounter>false</HideCounter>
      <IsCounterToCenter>false</IsCounterToCenter>
      <IsReverse>false</IsReverse>
      <MatchDateTime>2019-07-14T12:45:11.8965794+08:00</MatchDateTime>
      <UseHotbarRecastTime>false</UseHotbarRecastTime>
      <HotbarName />
      <ReduceIconBrightness>true</ReduceIconBrightness>
      <SpellIcon>7561_Swiftcast.png</SpellIcon>
      <SpellIconSize>36</SpellIconSize>
      <IsNotResetAtWipeout>false</IsNotResetAtWipeout>
      <TimeupHide>false</TimeupHide>
      <ToInstance>false</ToInstance>
      <UpperLimitOfExtension>0</UpperLimitOfExtension>
      <BlinkTime>0</BlinkTime>
      <BlinkIcon>false</BlinkIcon>
      <BlinkBar>false</BlinkBar>
      <JobFilter />
      <PartyJobFilter />
      <PartyCompositionFilter />
      <ZoneFilter />
      <TimersMustRunningForStart />
      <TimersMustStoppingForStart />
      <IsSequentialTTS>false</IsSequentialTTS>
      <MatchTextToSpeak />
      <MatchAdvancedConfig>
        <IsEnabled>false</IsEnabled>
        <ToMainDevice>true</ToMainDevice>
        <ToSubDevice>false</ToSubDevice>
        <ToDicordTextChat>false</ToDicordTextChat>
      </MatchAdvancedConfig>
      <OverTime>0</OverTime>
      <OverTextToSpeak />
      <OverAdvancedConfig>
        <IsEnabled>false</IsEnabled>
        <ToMainDevice>true</ToMainDevice>
        <ToSubDevice>false</ToSubDevice>
        <ToDicordTextChat>false</ToDicordTextChat>
      </OverAdvancedConfig>
      <BeforeTime>0</BeforeTime>
      <BeforeTextToSpeak />
      <BeforeAdvancedConfig>
        <IsEnabled>false</IsEnabled>
        <ToMainDevice>true</ToMainDevice>
        <ToSubDevice>false</ToSubDevice>
        <ToDicordTextChat>false</ToDicordTextChat>
      </BeforeAdvancedConfig>
      <TimeupTextToSpeak />
      <TimeupAdvancedConfig>
        <IsEnabled>false</IsEnabled>
        <ToMainDevice>true</ToMainDevice>
        <ToSubDevice>false</ToSubDevice>
        <ToDicordTextChat>false</ToDicordTextChat>
      </TimeupAdvancedConfig>
      <MatchSound />
      <OverSound />
      <BeforeSound />
      <TimeupSound />
    </SpellTimer>
  </Spells>
  <Tickers />
</Exports>