<?xml version="1.0" encoding="utf-8"?>
<Exports>
  <Panels>
    <PanelSettings>
      <SortPriority>0</SortPriority>
      <IsChecked>false</IsChecked>
      <IsExpanded>true</IsExpanded>
      <Enabled>true</Enabled>
      <PanelName>raid buff</PanelName>
      <ID>55d4d176-f738-4b88-83b7-ed8c16753dac</ID>
      <Left>457</Left>
      <Top>866</Top>
      <Locked>false</Locked>
      <Margin>0</Margin>
      <Horizontal>true</Horizontal>
      <SortOrder>SortRecastTimeASC</SortOrder>
      <EnabledAdvancedLayout>false</EnabledAdvancedLayout>
      <Width>194</Width>
      <Height>48</Height>
      <GridPadding>0 0 0 0</GridPadding>
      <GridVerticalAlignment>Top</GridVerticalAlignment>
      <GridHorizontalAlignment>Left</GridHorizontalAlignment>
      <IsStackLayout>false</IsStackLayout>
      <StackPanelOrientation>Horizontal</StackPanelOrientation>
      <FixedPositionSpell>false</FixedPositionSpell>
      <BackgroundColor>
        <A>160</A>
        <R>0</R>
        <G>0</G>
        <B>0</B>
        <ScA>0.627451</ScA>
        <ScR>0</ScR>
        <ScG>0</ScG>
        <ScB>0</ScB>
      </BackgroundColor>
    </PanelSettings>
  </Panels>
  <Spells>
    <SpellTimer>
      <SortPriority>0</SortPriority>
      <IsChecked>false</IsChecked>
      <IsExpanded>false</IsExpanded>
      <Enabled>true</Enabled>
      <Left>0</Left>
      <Top>0</Top>
      <ID>2</ID>
      <Guid>e321e9b8-784e-42b1-bd7e-96bded984aeb</Guid>
      <PanelID>55d4d176-f738-4b88-83b7-ed8c16753dac</PanelID>
      <Panel>raid buff</Panel>
      <SpellTitle>Trick Attack</SpellTitle>
      <RegexEnabled>true</RegexEnabled>
      <Keyword>\b15:[0-9a-fA-F]{8}:(?&lt;name&gt;[a-zA-Z\-' ]+):8D2:</Keyword>
      <RecastTime>60</RecastTime>
      <RecastTimeExtending1>0</RecastTimeExtending1>
      <RecastTimeExtending2>0</RecastTimeExtending2>
      <RecastTimeExtending3>0</RecastTimeExtending3>
      <OverlapRecastTime>true</OverlapRecastTime>
      <IsNotResetBarOnExtended>false</IsNotResetBarOnExtended>
      <ProgressBarVisible>true</ProgressBarVisible>
      <Font FontFamily="Arial" Size="18" Stretch="Normal" Style="Normal" Weight="Bold" />
      <FontColor>#FFFFFF</FontColor>
      <FontOutlineColor>#191970</FontOutlineColor>
      <WarningTime>0</WarningTime>
      <ChangeFontColorsWhenWarning>false</ChangeFontColorsWhenWarning>
      <WarningFontColor>#FFFFFF</WarningFontColor>
      <WarningFontOutlineColor>#FF4500</WarningFontOutlineColor>
      <BarWidth>0</BarWidth>
      <BarHeight>0</BarHeight>
      <BarColor>#FFFFFF</BarColor>
      <BarOutlineColor>#191970</BarOutlineColor>
      <BarBlurRadius>11</BarBlurRadius>
      <BackgroundColor>#FFFFFF</BackgroundColor>
      <BackgroundAlpha>0</BackgroundAlpha>
      <DisplayNo>1</DisplayNo>
      <DontHide>true</DontHide>
      <ExtendBeyondOriginalRecastTime>false</ExtendBeyondOriginalRecastTime>
      <HideSpellName>true</HideSpellName>
      <HideCounter>false</HideCounter>
      <IsCounterToCenter>false</IsCounterToCenter>
      <IsReverse>false</IsReverse>
      <MatchDateTime>0001-01-01T00:00:00</MatchDateTime>
      <UseHotbarRecastTime>false</UseHotbarRecastTime>
      <HotbarName />
      <ReduceIconBrightness>true</ReduceIconBrightness>
      <SpellIcon>2258_Trick Attack.png</SpellIcon>
      <SpellIconSize>36</SpellIconSize>
      <IsNotResetAtWipeout>false</IsNotResetAtWipeout>
      <TimeupHide>false</TimeupHide>
      <ToInstance>false</ToInstance>
      <UpperLimitOfExtension>0</UpperLimitOfExtension>
      <BlinkTime>0</BlinkTime>
      <BlinkIcon>false</BlinkIcon>
      <BlinkBar>false</BlinkBar>
      <JobFilter />
      <PartyJobFilter />
      <PartyCompositionFilter />
      <ZoneFilter />
      <TimersMustRunningForStart />
      <TimersMustStoppingForStart />
      <IsSequentialTTS>false</IsSequentialTTS>
      <MatchTextToSpeak />
      <MatchAdvancedConfig>
        <IsEnabled>false</IsEnabled>
        <ToMainDevice>true</ToMainDevice>
        <ToSubDevice>false</ToSubDevice>
        <ToDicordTextChat>false</ToDicordTextChat>
      </MatchAdvancedConfig>
      <OverTime>0</OverTime>
      <OverTextToSpeak />
      <OverAdvancedConfig>
        <IsEnabled>false</IsEnabled>
        <ToMainDevice>true</ToMainDevice>
        <ToSubDevice>false</ToSubDevice>
        <ToDicordTextChat>false</ToDicordTextChat>
      </OverAdvancedConfig>
      <BeforeTime>0</BeforeTime>
      <BeforeTextToSpeak />
      <BeforeAdvancedConfig>
        <IsEnabled>false</IsEnabled>
        <ToMainDevice>true</ToMainDevice>
        <ToSubDevice>false</ToSubDevice>
        <ToDicordTextChat>false</ToDicordTextChat>
      </BeforeAdvancedConfig>
      <TimeupTextToSpeak />
      <TimeupAdvancedConfig>
        <IsEnabled>false</IsEnabled>
        <ToMainDevice>true</ToMainDevice>
        <ToSubDevice>false</ToSubDevice>
        <ToDicordTextChat>false</ToDicordTextChat>
      </TimeupAdvancedConfig>
      <MatchSound />
      <OverSound />
      <BeforeSound />
      <TimeupSound />
    </SpellTimer>
    <SpellTimer>
      <SortPriority>0</SortPriority>
      <IsChecked>false</IsChecked>
      <IsExpanded>false</IsExpanded>
      <Enabled>true</Enabled>
      <Left>48</Left>
      <Top>0</Top>
      <ID>5</ID>
      <Guid>af0c1116-719c-45f6-ad52-8ee3b1bfc1c8</Guid>
      <PanelID>55d4d176-f738-4b88-83b7-ed8c16753dac</PanelID>
      <Panel>raid buff</Panel>
      <SpellTitle>Brotherhood</SpellTitle>
      <RegexEnabled>true</RegexEnabled>
      <Keyword>\b16:[0-9a-fA-F]{8}:(?&lt;name&gt;[a-zA-Z\-' ]+):1CE4:</Keyword>
      <RecastTime>90</RecastTime>
      <RecastTimeExtending1>0</RecastTimeExtending1>
      <RecastTimeExtending2>0</RecastTimeExtending2>
      <RecastTimeExtending3>0</RecastTimeExtending3>
      <OverlapRecastTime>true</OverlapRecastTime>
      <IsNotResetBarOnExtended>false</IsNotResetBarOnExtended>
      <ProgressBarVisible>true</ProgressBarVisible>
      <Font FontFamily="Arial" Size="18" Stretch="Normal" Style="Normal" Weight="Bold" />
      <FontColor>#FFFFFF</FontColor>
      <FontOutlineColor>#191970</FontOutlineColor>
      <WarningTime>0</WarningTime>
      <ChangeFontColorsWhenWarning>false</ChangeFontColorsWhenWarning>
      <WarningFontColor>#FFFFFF</WarningFontColor>
      <WarningFontOutlineColor>#FF4500</WarningFontOutlineColor>
      <BarWidth>0</BarWidth>
      <BarHeight>0</BarHeight>
      <BarColor>#FFFFFF</BarColor>
      <BarOutlineColor>#191970</BarOutlineColor>
      <BarBlurRadius>11</BarBlurRadius>
      <BackgroundColor>#FFFFFF</BackgroundColor>
      <BackgroundAlpha>0</BackgroundAlpha>
      <DisplayNo>2</DisplayNo>
      <DontHide>true</DontHide>
      <ExtendBeyondOriginalRecastTime>false</ExtendBeyondOriginalRecastTime>
      <HideSpellName>true</HideSpellName>
      <HideCounter>false</HideCounter>
      <IsCounterToCenter>false</IsCounterToCenter>
      <IsReverse>false</IsReverse>
      <MatchDateTime>0001-01-01T00:00:00</MatchDateTime>
      <UseHotbarRecastTime>false</UseHotbarRecastTime>
      <HotbarName />
      <ReduceIconBrightness>true</ReduceIconBrightness>
      <SpellIcon>7396_Brotherhood.png</SpellIcon>
      <SpellIconSize>36</SpellIconSize>
      <IsNotResetAtWipeout>false</IsNotResetAtWipeout>
      <TimeupHide>false</TimeupHide>
      <ToInstance>false</ToInstance>
      <UpperLimitOfExtension>0</UpperLimitOfExtension>
      <BlinkTime>0</BlinkTime>
      <BlinkIcon>false</BlinkIcon>
      <BlinkBar>false</BlinkBar>
      <JobFilter />
      <PartyJobFilter />
      <PartyCompositionFilter />
      <ZoneFilter />
      <TimersMustRunningForStart />
      <TimersMustStoppingForStart />
      <IsSequentialTTS>false</IsSequentialTTS>
      <MatchTextToSpeak />
      <MatchAdvancedConfig>
        <IsEnabled>false</IsEnabled>
        <ToMainDevice>true</ToMainDevice>
        <ToSubDevice>false</ToSubDevice>
        <ToDicordTextChat>false</ToDicordTextChat>
      </MatchAdvancedConfig>
      <OverTime>0</OverTime>
      <OverTextToSpeak />
      <OverAdvancedConfig>
        <IsEnabled>false</IsEnabled>
        <ToMainDevice>true</ToMainDevice>
        <ToSubDevice>false</ToSubDevice>
        <ToDicordTextChat>false</ToDicordTextChat>
      </OverAdvancedConfig>
      <BeforeTime>0</BeforeTime>
      <BeforeTextToSpeak />
      <BeforeAdvancedConfig>
        <IsEnabled>false</IsEnabled>
        <ToMainDevice>true</ToMainDevice>
        <ToSubDevice>false</ToSubDevice>
        <ToDicordTextChat>false</ToDicordTextChat>
      </BeforeAdvancedConfig>
      <TimeupTextToSpeak />
      <TimeupAdvancedConfig>
        <IsEnabled>false</IsEnabled>
        <ToMainDevice>true</ToMainDevice>
        <ToSubDevice>false</ToSubDevice>
        <ToDicordTextChat>false</ToDicordTextChat>
      </TimeupAdvancedConfig>
      <MatchSound />
      <OverSound />
      <BeforeSound />
      <TimeupSound />
    </SpellTimer>
    <SpellTimer>
      <SortPriority>0</SortPriority>
      <IsChecked>false</IsChecked>
      <IsExpanded>false</IsExpanded>
      <Enabled>true</Enabled>
      <Left>96</Left>
      <Top>0</Top>
      <ID>3</ID>
      <Guid>36960893-5939-4098-8e86-1b05fa73eba7</Guid>
      <PanelID>55d4d176-f738-4b88-83b7-ed8c16753dac</PanelID>
      <Panel>raid buff</Panel>
      <SpellTitle>Chain Stratagem</SpellTitle>
      <RegexEnabled>true</RegexEnabled>
      <Keyword>\b15:[0-9a-fA-F]{8}:(?&lt;name&gt;[a-zA-Z\-' ]+):1D0C:</Keyword>
      <RecastTime>120</RecastTime>
      <RecastTimeExtending1>0</RecastTimeExtending1>
      <RecastTimeExtending2>0</RecastTimeExtending2>
      <RecastTimeExtending3>0</RecastTimeExtending3>
      <OverlapRecastTime>true</OverlapRecastTime>
      <IsNotResetBarOnExtended>false</IsNotResetBarOnExtended>
      <ProgressBarVisible>true</ProgressBarVisible>
      <Font FontFamily="Arial" Size="18" Stretch="Normal" Style="Normal" Weight="Bold" />
      <FontColor>#FFFFFF</FontColor>
      <FontOutlineColor>#191970</FontOutlineColor>
      <WarningTime>0</WarningTime>
      <ChangeFontColorsWhenWarning>false</ChangeFontColorsWhenWarning>
      <WarningFontColor>#FFFFFF</WarningFontColor>
      <WarningFontOutlineColor>#FF4500</WarningFontOutlineColor>
      <BarWidth>0</BarWidth>
      <BarHeight>0</BarHeight>
      <BarColor>#FFFFFF</BarColor>
      <BarOutlineColor>#191970</BarOutlineColor>
      <BarBlurRadius>11</BarBlurRadius>
      <BackgroundColor>#FFFFFF</BackgroundColor>
      <BackgroundAlpha>0</BackgroundAlpha>
      <DisplayNo>3</DisplayNo>
      <DontHide>true</DontHide>
      <ExtendBeyondOriginalRecastTime>false</ExtendBeyondOriginalRecastTime>
      <HideSpellName>true</HideSpellName>
      <HideCounter>false</HideCounter>
      <IsCounterToCenter>false</IsCounterToCenter>
      <IsReverse>false</IsReverse>
      <MatchDateTime>0001-01-01T00:00:00</MatchDateTime>
      <UseHotbarRecastTime>false</UseHotbarRecastTime>
      <HotbarName />
      <ReduceIconBrightness>true</ReduceIconBrightness>
      <SpellIcon>7436_Chain Stratagem.png</SpellIcon>
      <SpellIconSize>36</SpellIconSize>
      <IsNotResetAtWipeout>false</IsNotResetAtWipeout>
      <TimeupHide>false</TimeupHide>
      <ToInstance>false</ToInstance>
      <UpperLimitOfExtension>0</UpperLimitOfExtension>
      <BlinkTime>0</BlinkTime>
      <BlinkIcon>false</BlinkIcon>
      <BlinkBar>false</BlinkBar>
      <JobFilter />
      <PartyJobFilter />
      <PartyCompositionFilter />
      <ZoneFilter />
      <TimersMustRunningForStart />
      <TimersMustStoppingForStart />
      <IsSequentialTTS>false</IsSequentialTTS>
      <MatchTextToSpeak />
      <MatchAdvancedConfig>
        <IsEnabled>false</IsEnabled>
        <ToMainDevice>true</ToMainDevice>
        <ToSubDevice>false</ToSubDevice>
        <ToDicordTextChat>false</ToDicordTextChat>
      </MatchAdvancedConfig>
      <OverTime>0</OverTime>
      <OverTextToSpeak />
      <OverAdvancedConfig>
        <IsEnabled>false</IsEnabled>
        <ToMainDevice>true</ToMainDevice>
        <ToSubDevice>false</ToSubDevice>
        <ToDicordTextChat>false</ToDicordTextChat>
      </OverAdvancedConfig>
      <BeforeTime>0</BeforeTime>
      <BeforeTextToSpeak />
      <BeforeAdvancedConfig>
        <IsEnabled>false</IsEnabled>
        <ToMainDevice>true</ToMainDevice>
        <ToSubDevice>false</ToSubDevice>
        <ToDicordTextChat>false</ToDicordTextChat>
      </BeforeAdvancedConfig>
      <TimeupTextToSpeak />
      <TimeupAdvancedConfig>
        <IsEnabled>false</IsEnabled>
        <ToMainDevice>true</ToMainDevice>
        <ToSubDevice>false</ToSubDevice>
        <ToDicordTextChat>false</ToDicordTextChat>
      </TimeupAdvancedConfig>
      <MatchSound />
      <OverSound />
      <BeforeSound />
      <TimeupSound />
    </SpellTimer>
    <SpellTimer>
      <SortPriority>0</SortPriority>
      <IsChecked>false</IsChecked>
      <IsExpanded>false</IsExpanded>
      <Enabled>true</Enabled>
      <Left>0</Left>
      <Top>0</Top>
      <ID>7</ID>
      <Guid>8325457d-b974-44de-91b7-2e6027d96583</Guid>
      <PanelID>55d4d176-f738-4b88-83b7-ed8c16753dac</PanelID>
      <Panel>raid buff</Panel>
      <SpellTitle>Embolden</SpellTitle>
      <RegexEnabled>true</RegexEnabled>
      <Keyword>\b16:[0-9a-fA-F]{8}:(?&lt;name&gt;[a-zA-Z\-' ]+):1D60:</Keyword>
      <RecastTime>120</RecastTime>
      <RecastTimeExtending1>0</RecastTimeExtending1>
      <RecastTimeExtending2>0</RecastTimeExtending2>
      <RecastTimeExtending3>0</RecastTimeExtending3>
      <OverlapRecastTime>true</OverlapRecastTime>
      <IsNotResetBarOnExtended>false</IsNotResetBarOnExtended>
      <ProgressBarVisible>true</ProgressBarVisible>
      <Font FontFamily="Arial" Size="18" Stretch="Normal" Style="Normal" Weight="Bold" />
      <FontColor>#FFFFFF</FontColor>
      <FontOutlineColor>#191970</FontOutlineColor>
      <WarningTime>0</WarningTime>
      <ChangeFontColorsWhenWarning>false</ChangeFontColorsWhenWarning>
      <WarningFontColor>#FFFFFF</WarningFontColor>
      <WarningFontOutlineColor>#FF4500</WarningFontOutlineColor>
      <BarWidth>0</BarWidth>
      <BarHeight>0</BarHeight>
      <BarColor>#FFFFFF</BarColor>
      <BarOutlineColor>#191970</BarOutlineColor>
      <BarBlurRadius>11</BarBlurRadius>
      <BackgroundColor>#FFFFFF</BackgroundColor>
      <BackgroundAlpha>0</BackgroundAlpha>
      <DisplayNo>4</DisplayNo>
      <DontHide>true</DontHide>
      <ExtendBeyondOriginalRecastTime>false</ExtendBeyondOriginalRecastTime>
      <HideSpellName>true</HideSpellName>
      <HideCounter>false</HideCounter>
      <IsCounterToCenter>false</IsCounterToCenter>
      <IsReverse>false</IsReverse>
      <MatchDateTime>0001-01-01T00:00:00</MatchDateTime>
      <UseHotbarRecastTime>false</UseHotbarRecastTime>
      <HotbarName />
      <ReduceIconBrightness>true</ReduceIconBrightness>
      <SpellIcon>7520_Embolden.png</SpellIcon>
      <SpellIconSize>36</SpellIconSize>
      <IsNotResetAtWipeout>false</IsNotResetAtWipeout>
      <TimeupHide>false</TimeupHide>
      <ToInstance>false</ToInstance>
      <UpperLimitOfExtension>0</UpperLimitOfExtension>
      <BlinkTime>0</BlinkTime>
      <BlinkIcon>false</BlinkIcon>
      <BlinkBar>false</BlinkBar>
      <JobFilter />
      <PartyJobFilter />
      <PartyCompositionFilter />
      <ZoneFilter />
      <TimersMustRunningForStart />
      <TimersMustStoppingForStart />
      <IsSequentialTTS>false</IsSequentialTTS>
      <MatchTextToSpeak />
      <MatchAdvancedConfig>
        <IsEnabled>false</IsEnabled>
        <ToMainDevice>true</ToMainDevice>
        <ToSubDevice>false</ToSubDevice>
        <ToDicordTextChat>false</ToDicordTextChat>
      </MatchAdvancedConfig>
      <OverTime>0</OverTime>
      <OverTextToSpeak />
      <OverAdvancedConfig>
        <IsEnabled>false</IsEnabled>
        <ToMainDevice>true</ToMainDevice>
        <ToSubDevice>false</ToSubDevice>
        <ToDicordTextChat>false</ToDicordTextChat>
      </OverAdvancedConfig>
      <BeforeTime>0</BeforeTime>
      <BeforeTextToSpeak />
      <BeforeAdvancedConfig>
        <IsEnabled>false</IsEnabled>
        <ToMainDevice>true</ToMainDevice>
        <ToSubDevice>false</ToSubDevice>
        <ToDicordTextChat>false</ToDicordTextChat>
      </BeforeAdvancedConfig>
      <TimeupTextToSpeak />
      <TimeupAdvancedConfig>
        <IsEnabled>false</IsEnabled>
        <ToMainDevice>true</ToMainDevice>
        <ToSubDevice>false</ToSubDevice>
        <ToDicordTextChat>false</ToDicordTextChat>
      </TimeupAdvancedConfig>
      <MatchSound />
      <OverSound />
      <BeforeSound />
      <TimeupSound />
    </SpellTimer>
    <SpellTimer>
      <SortPriority>0</SortPriority>
      <IsChecked>false</IsChecked>
      <IsExpanded>false</IsExpanded>
      <Enabled>true</Enabled>
      <Left>144</Left>
      <Top>0</Top>
      <ID>4</ID>
      <Guid>db53b654-8ebe-43fe-9d06-2f4c220f4ff6</Guid>
      <PanelID>55d4d176-f738-4b88-83b7-ed8c16753dac</PanelID>
      <Panel>raid buff</Panel>
      <SpellTitle>Battle Litany</SpellTitle>
      <RegexEnabled>true</RegexEnabled>
      <Keyword>\b16:[0-9a-fA-F]{8}:(?&lt;name&gt;[a-zA-Z\-' ]+):DE5:</Keyword>
      <RecastTime>180</RecastTime>
      <RecastTimeExtending1>0</RecastTimeExtending1>
      <RecastTimeExtending2>0</RecastTimeExtending2>
      <RecastTimeExtending3>0</RecastTimeExtending3>
      <OverlapRecastTime>true</OverlapRecastTime>
      <IsNotResetBarOnExtended>false</IsNotResetBarOnExtended>
      <ProgressBarVisible>true</ProgressBarVisible>
      <Font FontFamily="Arial" Size="18" Stretch="Normal" Style="Normal" Weight="Bold" />
      <FontColor>#FFFFFF</FontColor>
      <FontOutlineColor>#191970</FontOutlineColor>
      <WarningTime>0</WarningTime>
      <ChangeFontColorsWhenWarning>false</ChangeFontColorsWhenWarning>
      <WarningFontColor>#FFFFFF</WarningFontColor>
      <WarningFontOutlineColor>#FF4500</WarningFontOutlineColor>
      <BarWidth>0</BarWidth>
      <BarHeight>0</BarHeight>
      <BarColor>#FFFFFF</BarColor>
      <BarOutlineColor>#191970</BarOutlineColor>
      <BarBlurRadius>11</BarBlurRadius>
      <BackgroundColor>#FFFFFF</BackgroundColor>
      <BackgroundAlpha>0</BackgroundAlpha>
      <DisplayNo>5</DisplayNo>
      <DontHide>true</DontHide>
      <ExtendBeyondOriginalRecastTime>false</ExtendBeyondOriginalRecastTime>
      <HideSpellName>true</HideSpellName>
      <HideCounter>false</HideCounter>
      <IsCounterToCenter>false</IsCounterToCenter>
      <IsReverse>false</IsReverse>
      <MatchDateTime>0001-01-01T00:00:00</MatchDateTime>
      <UseHotbarRecastTime>false</UseHotbarRecastTime>
      <HotbarName />
      <ReduceIconBrightness>true</ReduceIconBrightness>
      <SpellIcon>3557_Battle Litany.png</SpellIcon>
      <SpellIconSize>36</SpellIconSize>
      <IsNotResetAtWipeout>false</IsNotResetAtWipeout>
      <TimeupHide>false</TimeupHide>
      <ToInstance>false</ToInstance>
      <UpperLimitOfExtension>0</UpperLimitOfExtension>
      <BlinkTime>0</BlinkTime>
      <BlinkIcon>false</BlinkIcon>
      <BlinkBar>false</BlinkBar>
      <JobFilter />
      <PartyJobFilter />
      <PartyCompositionFilter />
      <ZoneFilter />
      <TimersMustRunningForStart />
      <TimersMustStoppingForStart />
      <IsSequentialTTS>false</IsSequentialTTS>
      <MatchTextToSpeak />
      <MatchAdvancedConfig>
        <IsEnabled>false</IsEnabled>
        <ToMainDevice>true</ToMainDevice>
        <ToSubDevice>false</ToSubDevice>
        <ToDicordTextChat>false</ToDicordTextChat>
      </MatchAdvancedConfig>
      <OverTime>0</OverTime>
      <OverTextToSpeak />
      <OverAdvancedConfig>
        <IsEnabled>false</IsEnabled>
        <ToMainDevice>true</ToMainDevice>
        <ToSubDevice>false</ToSubDevice>
        <ToDicordTextChat>false</ToDicordTextChat>
      </OverAdvancedConfig>
      <BeforeTime>0</BeforeTime>
      <BeforeTextToSpeak />
      <BeforeAdvancedConfig>
        <IsEnabled>false</IsEnabled>
        <ToMainDevice>true</ToMainDevice>
        <ToSubDevice>false</ToSubDevice>
        <ToDicordTextChat>false</ToDicordTextChat>
      </BeforeAdvancedConfig>
      <TimeupTextToSpeak />
      <TimeupAdvancedConfig>
        <IsEnabled>false</IsEnabled>
        <ToMainDevice>true</ToMainDevice>
        <ToSubDevice>false</ToSubDevice>
        <ToDicordTextChat>false</ToDicordTextChat>
      </TimeupAdvancedConfig>
      <MatchSound />
      <OverSound />
      <BeforeSound />
      <TimeupSound />
    </SpellTimer>
    <SpellTimer>
      <SortPriority>0</SortPriority>
      <IsChecked>false</IsChecked>
      <IsExpanded>false</IsExpanded>
      <Enabled>true</Enabled>
      <Left>0</Left>
      <Top>0</Top>
      <ID>6</ID>
      <Guid>e417a1f6-4e50-4523-a736-ff4e4ad535e8</Guid>
      <PanelID>55d4d176-f738-4b88-83b7-ed8c16753dac</PanelID>
      <Panel>raid buff</Panel>
      <SpellTitle>Battle Voice</SpellTitle>
      <RegexEnabled>true</RegexEnabled>
      <Keyword>\b16:[0-9a-fA-F]{8}:(?&lt;name&gt;[a-zA-Z\-' ]+):76:</Keyword>
      <RecastTime>180</RecastTime>
      <RecastTimeExtending1>0</RecastTimeExtending1>
      <RecastTimeExtending2>0</RecastTimeExtending2>
      <RecastTimeExtending3>0</RecastTimeExtending3>
      <OverlapRecastTime>true</OverlapRecastTime>
      <IsNotResetBarOnExtended>false</IsNotResetBarOnExtended>
      <ProgressBarVisible>true</ProgressBarVisible>
      <Font FontFamily="Arial" Size="18" Stretch="Normal" Style="Normal" Weight="Bold" />
      <FontColor>#FFFFFF</FontColor>
      <FontOutlineColor>#191970</FontOutlineColor>
      <WarningTime>0</WarningTime>
      <ChangeFontColorsWhenWarning>false</ChangeFontColorsWhenWarning>
      <WarningFontColor>#FFFFFF</WarningFontColor>
      <WarningFontOutlineColor>#FF4500</WarningFontOutlineColor>
      <BarWidth>0</BarWidth>
      <BarHeight>0</BarHeight>
      <BarColor>#FFFFFF</BarColor>
      <BarOutlineColor>#191970</BarOutlineColor>
      <BarBlurRadius>11</BarBlurRadius>
      <BackgroundColor>#FFFFFF</BackgroundColor>
      <BackgroundAlpha>0</BackgroundAlpha>
      <DisplayNo>6</DisplayNo>
      <DontHide>true</DontHide>
      <ExtendBeyondOriginalRecastTime>false</ExtendBeyondOriginalRecastTime>
      <HideSpellName>true</HideSpellName>
      <HideCounter>false</HideCounter>
      <IsCounterToCenter>false</IsCounterToCenter>
      <IsReverse>false</IsReverse>
      <MatchDateTime>0001-01-01T00:00:00</MatchDateTime>
      <UseHotbarRecastTime>false</UseHotbarRecastTime>
      <HotbarName />
      <ReduceIconBrightness>true</ReduceIconBrightness>
      <SpellIcon>0118_Battle Voice.png</SpellIcon>
      <SpellIconSize>36</SpellIconSize>
      <IsNotResetAtWipeout>false</IsNotResetAtWipeout>
      <TimeupHide>false</TimeupHide>
      <ToInstance>false</ToInstance>
      <UpperLimitOfExtension>0</UpperLimitOfExtension>
      <BlinkTime>0</BlinkTime>
      <BlinkIcon>false</BlinkIcon>
      <BlinkBar>false</BlinkBar>
      <JobFilter />
      <PartyJobFilter />
      <PartyCompositionFilter />
      <ZoneFilter />
      <TimersMustRunningForStart />
      <TimersMustStoppingForStart />
      <IsSequentialTTS>false</IsSequentialTTS>
      <MatchTextToSpeak />
      <MatchAdvancedConfig>
        <IsEnabled>false</IsEnabled>
        <ToMainDevice>true</ToMainDevice>
        <ToSubDevice>false</ToSubDevice>
        <ToDicordTextChat>false</ToDicordTextChat>
      </MatchAdvancedConfig>
      <OverTime>0</OverTime>
      <OverTextToSpeak />
      <OverAdvancedConfig>
        <IsEnabled>false</IsEnabled>
        <ToMainDevice>true</ToMainDevice>
        <ToSubDevice>false</ToSubDevice>
        <ToDicordTextChat>false</ToDicordTextChat>
      </OverAdvancedConfig>
      <BeforeTime>0</BeforeTime>
      <BeforeTextToSpeak />
      <BeforeAdvancedConfig>
        <IsEnabled>false</IsEnabled>
        <ToMainDevice>true</ToMainDevice>
        <ToSubDevice>false</ToSubDevice>
        <ToDicordTextChat>false</ToDicordTextChat>
      </BeforeAdvancedConfig>
      <TimeupTextToSpeak />
      <TimeupAdvancedConfig>
        <IsEnabled>false</IsEnabled>
        <ToMainDevice>true</ToMainDevice>
        <ToSubDevice>false</ToSubDevice>
        <ToDicordTextChat>false</ToDicordTextChat>
      </TimeupAdvancedConfig>
      <MatchSound />
      <OverSound />
      <BeforeSound />
      <TimeupSound />
    </SpellTimer>
  </Spells>
  <Tickers />
</Exports>